"A","B","HashMatch"
"agent_01.run.norm.txt","agent_02.run.norm.txt","True"
"agent_01.run.norm.txt","agent_03.run.norm.txt","True"
"agent_01.run.norm.txt","agent_04.run.norm.txt","True"
"agent_01.run.norm.txt","agent_05.run.norm.txt","True"
"agent_01.run.norm.txt","agent_06.run.norm.txt","True"
"agent_01.run.norm.txt","agent_07.run.norm.txt","True"
"agent_01.run.norm.txt","agent_08.run.norm.txt","True"
"agent_01.run.norm.txt","agent_09.run.norm.txt","True"
"agent_01.run.norm.txt","agent_10.run.norm.txt","True"
"agent_01.run.norm.txt","agent_11.run.norm.txt","True"
"agent_01.run.norm.txt","agent_12.run.norm.txt","True"
"agent_01.run.norm.txt","agent_13.run.norm.txt","True"
"agent_01.run.norm.txt","agent_14.run.norm.txt","True"
"agent_01.run.norm.txt","agent_15.run.norm.txt","True"
"agent_01.run.norm.txt","agent_16.run.norm.txt","True"
"agent_01.run.norm.txt","agent_17.run.norm.txt","True"
"agent_01.run.norm.txt","agent_18.run.norm.txt","True"
"agent_01.run.norm.txt","agent_19.run.norm.txt","True"
"agent_01.run.norm.txt","agent_20.run.norm.txt","True"
"agent_01.run.norm.txt","agent_21.run.norm.txt","True"
"agent_01.run.norm.txt","agent_22.run.norm.txt","True"
"agent_01.run.norm.txt","agent_23.run.norm.txt","True"
"agent_01.run.norm.txt","agent_24.run.norm.txt","True"
"agent_01.run.norm.txt","agent_25.run.norm.txt","True"
"agent_01.run.norm.txt","agent_26.run.norm.txt","True"
"agent_01.run.norm.txt","agent_27.run.norm.txt","True"
"agent_01.run.norm.txt","agent_28.run.norm.txt","True"
"agent_01.run.norm.txt","agent_29.run.norm.txt","True"
"agent_01.run.norm.txt","agent_30.run.norm.txt","True"
"agent_01.run.norm.txt","agent_31.run.norm.txt","True"
"agent_01.run.norm.txt","agent_32.run.norm.txt","True"
"agent_01.run.norm.txt","agent_33.run.norm.txt","True"
"agent_01.run.norm.txt","agent_34.run.norm.txt","True"
"agent_01.run.norm.txt","agent_35.run.norm.txt","True"
"agent_01.run.norm.txt","agent_36.run.norm.txt","True"
"agent_01.run.norm.txt","agent_37.run.norm.txt","True"
"agent_01.run.norm.txt","agent_38.run.norm.txt","True"
"agent_01.run.norm.txt","agent_39.run.norm.txt","True"
"agent_01.run.norm.txt","agent_40.run.norm.txt","True"
"agent_01.run.norm.txt","agent_41.run.norm.txt","True"
"agent_01.run.norm.txt","agent_42.run.norm.txt","True"
"agent_01.run.norm.txt","agent_43.run.norm.txt","True"
"agent_01.run.norm.txt","agent_44.run.norm.txt","True"
"agent_01.run.norm.txt","agent_45.run.norm.txt","True"
"agent_01.run.norm.txt","agent_46.run.norm.txt","True"
"agent_01.run.norm.txt","agent_47.run.norm.txt","True"
"agent_01.run.norm.txt","agent_48.run.norm.txt","True"
"agent_01.run.norm.txt","agent_49.run.norm.txt","True"
"agent_01.run.norm.txt","agent_50.run.norm.txt","True"
"agent_01.run.norm.txt","__main__.rerun.log.norm.txt","False"
"agent_02.run.norm.txt","agent_03.run.norm.txt","True"
"agent_02.run.norm.txt","agent_04.run.norm.txt","True"
"agent_02.run.norm.txt","agent_05.run.norm.txt","True"
"agent_02.run.norm.txt","agent_06.run.norm.txt","True"
"agent_02.run.norm.txt","agent_07.run.norm.txt","True"
"agent_02.run.norm.txt","agent_08.run.norm.txt","True"
"agent_02.run.norm.txt","agent_09.run.norm.txt","True"
"agent_02.run.norm.txt","agent_10.run.norm.txt","True"
"agent_02.run.norm.txt","agent_11.run.norm.txt","True"
"agent_02.run.norm.txt","agent_12.run.norm.txt","True"
"agent_02.run.norm.txt","agent_13.run.norm.txt","True"
"agent_02.run.norm.txt","agent_14.run.norm.txt","True"
"agent_02.run.norm.txt","agent_15.run.norm.txt","True"
"agent_02.run.norm.txt","agent_16.run.norm.txt","True"
"agent_02.run.norm.txt","agent_17.run.norm.txt","True"
"agent_02.run.norm.txt","agent_18.run.norm.txt","True"
"agent_02.run.norm.txt","agent_19.run.norm.txt","True"
"agent_02.run.norm.txt","agent_20.run.norm.txt","True"
"agent_02.run.norm.txt","agent_21.run.norm.txt","True"
"agent_02.run.norm.txt","agent_22.run.norm.txt","True"
"agent_02.run.norm.txt","agent_23.run.norm.txt","True"
"agent_02.run.norm.txt","agent_24.run.norm.txt","True"
"agent_02.run.norm.txt","agent_25.run.norm.txt","True"
"agent_02.run.norm.txt","agent_26.run.norm.txt","True"
"agent_02.run.norm.txt","agent_27.run.norm.txt","True"
"agent_02.run.norm.txt","agent_28.run.norm.txt","True"
"agent_02.run.norm.txt","agent_29.run.norm.txt","True"
"agent_02.run.norm.txt","agent_30.run.norm.txt","True"
"agent_02.run.norm.txt","agent_31.run.norm.txt","True"
"agent_02.run.norm.txt","agent_32.run.norm.txt","True"
"agent_02.run.norm.txt","agent_33.run.norm.txt","True"
"agent_02.run.norm.txt","agent_34.run.norm.txt","True"
"agent_02.run.norm.txt","agent_35.run.norm.txt","True"
"agent_02.run.norm.txt","agent_36.run.norm.txt","True"
"agent_02.run.norm.txt","agent_37.run.norm.txt","True"
"agent_02.run.norm.txt","agent_38.run.norm.txt","True"
"agent_02.run.norm.txt","agent_39.run.norm.txt","True"
"agent_02.run.norm.txt","agent_40.run.norm.txt","True"
"agent_02.run.norm.txt","agent_41.run.norm.txt","True"
"agent_02.run.norm.txt","agent_42.run.norm.txt","True"
"agent_02.run.norm.txt","agent_43.run.norm.txt","True"
"agent_02.run.norm.txt","agent_44.run.norm.txt","True"
"agent_02.run.norm.txt","agent_45.run.norm.txt","True"
"agent_02.run.norm.txt","agent_46.run.norm.txt","True"
"agent_02.run.norm.txt","agent_47.run.norm.txt","True"
"agent_02.run.norm.txt","agent_48.run.norm.txt","True"
"agent_02.run.norm.txt","agent_49.run.norm.txt","True"
"agent_02.run.norm.txt","agent_50.run.norm.txt","True"
"agent_02.run.norm.txt","__main__.rerun.log.norm.txt","False"
"agent_03.run.norm.txt","agent_04.run.norm.txt","True"
"agent_03.run.norm.txt","agent_05.run.norm.txt","True"
"agent_03.run.norm.txt","agent_06.run.norm.txt","True"
"agent_03.run.norm.txt","agent_07.run.norm.txt","True"
"agent_03.run.norm.txt","agent_08.run.norm.txt","True"
"agent_03.run.norm.txt","agent_09.run.norm.txt","True"
"agent_03.run.norm.txt","agent_10.run.norm.txt","True"
"agent_03.run.norm.txt","agent_11.run.norm.txt","True"
"agent_03.run.norm.txt","agent_12.run.norm.txt","True"
"agent_03.run.norm.txt","agent_13.run.norm.txt","True"
"agent_03.run.norm.txt","agent_14.run.norm.txt","True"
"agent_03.run.norm.txt","agent_15.run.norm.txt","True"
"agent_03.run.norm.txt","agent_16.run.norm.txt","True"
"agent_03.run.norm.txt","agent_17.run.norm.txt","True"
"agent_03.run.norm.txt","agent_18.run.norm.txt","True"
"agent_03.run.norm.txt","agent_19.run.norm.txt","True"
"agent_03.run.norm.txt","agent_20.run.norm.txt","True"
"agent_03.run.norm.txt","agent_21.run.norm.txt","True"
"agent_03.run.norm.txt","agent_22.run.norm.txt","True"
"agent_03.run.norm.txt","agent_23.run.norm.txt","True"
"agent_03.run.norm.txt","agent_24.run.norm.txt","True"
"agent_03.run.norm.txt","agent_25.run.norm.txt","True"
"agent_03.run.norm.txt","agent_26.run.norm.txt","True"
"agent_03.run.norm.txt","agent_27.run.norm.txt","True"
"agent_03.run.norm.txt","agent_28.run.norm.txt","True"
"agent_03.run.norm.txt","agent_29.run.norm.txt","True"
"agent_03.run.norm.txt","agent_30.run.norm.txt","True"
"agent_03.run.norm.txt","agent_31.run.norm.txt","True"
"agent_03.run.norm.txt","agent_32.run.norm.txt","True"
"agent_03.run.norm.txt","agent_33.run.norm.txt","True"
"agent_03.run.norm.txt","agent_34.run.norm.txt","True"
"agent_03.run.norm.txt","agent_35.run.norm.txt","True"
"agent_03.run.norm.txt","agent_36.run.norm.txt","True"
"agent_03.run.norm.txt","agent_37.run.norm.txt","True"
"agent_03.run.norm.txt","agent_38.run.norm.txt","True"
"agent_03.run.norm.txt","agent_39.run.norm.txt","True"
"agent_03.run.norm.txt","agent_40.run.norm.txt","True"
"agent_03.run.norm.txt","agent_41.run.norm.txt","True"
"agent_03.run.norm.txt","agent_42.run.norm.txt","True"
"agent_03.run.norm.txt","agent_43.run.norm.txt","True"
"agent_03.run.norm.txt","agent_44.run.norm.txt","True"
"agent_03.run.norm.txt","agent_45.run.norm.txt","True"
"agent_03.run.norm.txt","agent_46.run.norm.txt","True"
"agent_03.run.norm.txt","agent_47.run.norm.txt","True"
"agent_03.run.norm.txt","agent_48.run.norm.txt","True"
"agent_03.run.norm.txt","agent_49.run.norm.txt","True"
"agent_03.run.norm.txt","agent_50.run.norm.txt","True"
"agent_03.run.norm.txt","__main__.rerun.log.norm.txt","False"
"agent_04.run.norm.txt","agent_05.run.norm.txt","True"
"agent_04.run.norm.txt","agent_06.run.norm.txt","True"
"agent_04.run.norm.txt","agent_07.run.norm.txt","True"
"agent_04.run.norm.txt","agent_08.run.norm.txt","True"
"agent_04.run.norm.txt","agent_09.run.norm.txt","True"
"agent_04.run.norm.txt","agent_10.run.norm.txt","True"
"agent_04.run.norm.txt","agent_11.run.norm.txt","True"
"agent_04.run.norm.txt","agent_12.run.norm.txt","True"
"agent_04.run.norm.txt","agent_13.run.norm.txt","True"
"agent_04.run.norm.txt","agent_14.run.norm.txt","True"
"agent_04.run.norm.txt","agent_15.run.norm.txt","True"
"agent_04.run.norm.txt","agent_16.run.norm.txt","True"
"agent_04.run.norm.txt","agent_17.run.norm.txt","True"
"agent_04.run.norm.txt","agent_18.run.norm.txt","True"
"agent_04.run.norm.txt","agent_19.run.norm.txt","True"
"agent_04.run.norm.txt","agent_20.run.norm.txt","True"
"agent_04.run.norm.txt","agent_21.run.norm.txt","True"
"agent_04.run.norm.txt","agent_22.run.norm.txt","True"
"agent_04.run.norm.txt","agent_23.run.norm.txt","True"
"agent_04.run.norm.txt","agent_24.run.norm.txt","True"
"agent_04.run.norm.txt","agent_25.run.norm.txt","True"
"agent_04.run.norm.txt","agent_26.run.norm.txt","True"
"agent_04.run.norm.txt","agent_27.run.norm.txt","True"
"agent_04.run.norm.txt","agent_28.run.norm.txt","True"
"agent_04.run.norm.txt","agent_29.run.norm.txt","True"
"agent_04.run.norm.txt","agent_30.run.norm.txt","True"
"agent_04.run.norm.txt","agent_31.run.norm.txt","True"
"agent_04.run.norm.txt","agent_32.run.norm.txt","True"
"agent_04.run.norm.txt","agent_33.run.norm.txt","True"
"agent_04.run.norm.txt","agent_34.run.norm.txt","True"
"agent_04.run.norm.txt","agent_35.run.norm.txt","True"
"agent_04.run.norm.txt","agent_36.run.norm.txt","True"
"agent_04.run.norm.txt","agent_37.run.norm.txt","True"
"agent_04.run.norm.txt","agent_38.run.norm.txt","True"
"agent_04.run.norm.txt","agent_39.run.norm.txt","True"
"agent_04.run.norm.txt","agent_40.run.norm.txt","True"
"agent_04.run.norm.txt","agent_41.run.norm.txt","True"
"agent_04.run.norm.txt","agent_42.run.norm.txt","True"
"agent_04.run.norm.txt","agent_43.run.norm.txt","True"
"agent_04.run.norm.txt","agent_44.run.norm.txt","True"
"agent_04.run.norm.txt","agent_45.run.norm.txt","True"
"agent_04.run.norm.txt","agent_46.run.norm.txt","True"
"agent_04.run.norm.txt","agent_47.run.norm.txt","True"
"agent_04.run.norm.txt","agent_48.run.norm.txt","True"
"agent_04.run.norm.txt","agent_49.run.norm.txt","True"
"agent_04.run.norm.txt","agent_50.run.norm.txt","True"
"agent_04.run.norm.txt","__main__.rerun.log.norm.txt","False"
"agent_05.run.norm.txt","agent_06.run.norm.txt","True"
"agent_05.run.norm.txt","agent_07.run.norm.txt","True"
"agent_05.run.norm.txt","agent_08.run.norm.txt","True"
"agent_05.run.norm.txt","agent_09.run.norm.txt","True"
"agent_05.run.norm.txt","agent_10.run.norm.txt","True"
"agent_05.run.norm.txt","agent_11.run.norm.txt","True"
"agent_05.run.norm.txt","agent_12.run.norm.txt","True"
"agent_05.run.norm.txt","agent_13.run.norm.txt","True"
"agent_05.run.norm.txt","agent_14.run.norm.txt","True"
"agent_05.run.norm.txt","agent_15.run.norm.txt","True"
"agent_05.run.norm.txt","agent_16.run.norm.txt","True"
"agent_05.run.norm.txt","agent_17.run.norm.txt","True"
"agent_05.run.norm.txt","agent_18.run.norm.txt","True"
"agent_05.run.norm.txt","agent_19.run.norm.txt","True"
"agent_05.run.norm.txt","agent_20.run.norm.txt","True"
"agent_05.run.norm.txt","agent_21.run.norm.txt","True"
"agent_05.run.norm.txt","agent_22.run.norm.txt","True"
"agent_05.run.norm.txt","agent_23.run.norm.txt","True"
"agent_05.run.norm.txt","agent_24.run.norm.txt","True"
"agent_05.run.norm.txt","agent_25.run.norm.txt","True"
"agent_05.run.norm.txt","agent_26.run.norm.txt","True"
"agent_05.run.norm.txt","agent_27.run.norm.txt","True"
"agent_05.run.norm.txt","agent_28.run.norm.txt","True"
"agent_05.run.norm.txt","agent_29.run.norm.txt","True"
"agent_05.run.norm.txt","agent_30.run.norm.txt","True"
"agent_05.run.norm.txt","agent_31.run.norm.txt","True"
"agent_05.run.norm.txt","agent_32.run.norm.txt","True"
"agent_05.run.norm.txt","agent_33.run.norm.txt","True"
"agent_05.run.norm.txt","agent_34.run.norm.txt","True"
"agent_05.run.norm.txt","agent_35.run.norm.txt","True"
"agent_05.run.norm.txt","agent_36.run.norm.txt","True"
"agent_05.run.norm.txt","agent_37.run.norm.txt","True"
"agent_05.run.norm.txt","agent_38.run.norm.txt","True"
"agent_05.run.norm.txt","agent_39.run.norm.txt","True"
"agent_05.run.norm.txt","agent_40.run.norm.txt","True"
"agent_05.run.norm.txt","agent_41.run.norm.txt","True"
"agent_05.run.norm.txt","agent_42.run.norm.txt","True"
"agent_05.run.norm.txt","agent_43.run.norm.txt","True"
"agent_05.run.norm.txt","agent_44.run.norm.txt","True"
"agent_05.run.norm.txt","agent_45.run.norm.txt","True"
"agent_05.run.norm.txt","agent_46.run.norm.txt","True"
"agent_05.run.norm.txt","agent_47.run.norm.txt","True"
"agent_05.run.norm.txt","agent_48.run.norm.txt","True"
"agent_05.run.norm.txt","agent_49.run.norm.txt","True"
"agent_05.run.norm.txt","agent_50.run.norm.txt","True"
"agent_05.run.norm.txt","__main__.rerun.log.norm.txt","False"
"agent_06.run.norm.txt","agent_07.run.norm.txt","True"
"agent_06.run.norm.txt","agent_08.run.norm.txt","True"
"agent_06.run.norm.txt","agent_09.run.norm.txt","True"
"agent_06.run.norm.txt","agent_10.run.norm.txt","True"
"agent_06.run.norm.txt","agent_11.run.norm.txt","True"
"agent_06.run.norm.txt","agent_12.run.norm.txt","True"
"agent_06.run.norm.txt","agent_13.run.norm.txt","True"
"agent_06.run.norm.txt","agent_14.run.norm.txt","True"
"agent_06.run.norm.txt","agent_15.run.norm.txt","True"
"agent_06.run.norm.txt","agent_16.run.norm.txt","True"
"agent_06.run.norm.txt","agent_17.run.norm.txt","True"
"agent_06.run.norm.txt","agent_18.run.norm.txt","True"
"agent_06.run.norm.txt","agent_19.run.norm.txt","True"
"agent_06.run.norm.txt","agent_20.run.norm.txt","True"
"agent_06.run.norm.txt","agent_21.run.norm.txt","True"
"agent_06.run.norm.txt","agent_22.run.norm.txt","True"
"agent_06.run.norm.txt","agent_23.run.norm.txt","True"
"agent_06.run.norm.txt","agent_24.run.norm.txt","True"
"agent_06.run.norm.txt","agent_25.run.norm.txt","True"
"agent_06.run.norm.txt","agent_26.run.norm.txt","True"
"agent_06.run.norm.txt","agent_27.run.norm.txt","True"
"agent_06.run.norm.txt","agent_28.run.norm.txt","True"
"agent_06.run.norm.txt","agent_29.run.norm.txt","True"
"agent_06.run.norm.txt","agent_30.run.norm.txt","True"
"agent_06.run.norm.txt","agent_31.run.norm.txt","True"
"agent_06.run.norm.txt","agent_32.run.norm.txt","True"
"agent_06.run.norm.txt","agent_33.run.norm.txt","True"
"agent_06.run.norm.txt","agent_34.run.norm.txt","True"
"agent_06.run.norm.txt","agent_35.run.norm.txt","True"
"agent_06.run.norm.txt","agent_36.run.norm.txt","True"
"agent_06.run.norm.txt","agent_37.run.norm.txt","True"
"agent_06.run.norm.txt","agent_38.run.norm.txt","True"
"agent_06.run.norm.txt","agent_39.run.norm.txt","True"
"agent_06.run.norm.txt","agent_40.run.norm.txt","True"
"agent_06.run.norm.txt","agent_41.run.norm.txt","True"
"agent_06.run.norm.txt","agent_42.run.norm.txt","True"
"agent_06.run.norm.txt","agent_43.run.norm.txt","True"
"agent_06.run.norm.txt","agent_44.run.norm.txt","True"
"agent_06.run.norm.txt","agent_45.run.norm.txt","True"
"agent_06.run.norm.txt","agent_46.run.norm.txt","True"
"agent_06.run.norm.txt","agent_47.run.norm.txt","True"
"agent_06.run.norm.txt","agent_48.run.norm.txt","True"
"agent_06.run.norm.txt","agent_49.run.norm.txt","True"
"agent_06.run.norm.txt","agent_50.run.norm.txt","True"
"agent_06.run.norm.txt","__main__.rerun.log.norm.txt","False"
"agent_07.run.norm.txt","agent_08.run.norm.txt","True"
"agent_07.run.norm.txt","agent_09.run.norm.txt","True"
"agent_07.run.norm.txt","agent_10.run.norm.txt","True"
"agent_07.run.norm.txt","agent_11.run.norm.txt","True"
"agent_07.run.norm.txt","agent_12.run.norm.txt","True"
"agent_07.run.norm.txt","agent_13.run.norm.txt","True"
"agent_07.run.norm.txt","agent_14.run.norm.txt","True"
"agent_07.run.norm.txt","agent_15.run.norm.txt","True"
"agent_07.run.norm.txt","agent_16.run.norm.txt","True"
"agent_07.run.norm.txt","agent_17.run.norm.txt","True"
"agent_07.run.norm.txt","agent_18.run.norm.txt","True"
"agent_07.run.norm.txt","agent_19.run.norm.txt","True"
"agent_07.run.norm.txt","agent_20.run.norm.txt","True"
"agent_07.run.norm.txt","agent_21.run.norm.txt","True"
"agent_07.run.norm.txt","agent_22.run.norm.txt","True"
"agent_07.run.norm.txt","agent_23.run.norm.txt","True"
"agent_07.run.norm.txt","agent_24.run.norm.txt","True"
"agent_07.run.norm.txt","agent_25.run.norm.txt","True"
"agent_07.run.norm.txt","agent_26.run.norm.txt","True"
"agent_07.run.norm.txt","agent_27.run.norm.txt","True"
"agent_07.run.norm.txt","agent_28.run.norm.txt","True"
"agent_07.run.norm.txt","agent_29.run.norm.txt","True"
"agent_07.run.norm.txt","agent_30.run.norm.txt","True"
"agent_07.run.norm.txt","agent_31.run.norm.txt","True"
"agent_07.run.norm.txt","agent_32.run.norm.txt","True"
"agent_07.run.norm.txt","agent_33.run.norm.txt","True"
"agent_07.run.norm.txt","agent_34.run.norm.txt","True"
"agent_07.run.norm.txt","agent_35.run.norm.txt","True"
"agent_07.run.norm.txt","agent_36.run.norm.txt","True"
"agent_07.run.norm.txt","agent_37.run.norm.txt","True"
"agent_07.run.norm.txt","agent_38.run.norm.txt","True"
"agent_07.run.norm.txt","agent_39.run.norm.txt","True"
"agent_07.run.norm.txt","agent_40.run.norm.txt","True"
"agent_07.run.norm.txt","agent_41.run.norm.txt","True"
"agent_07.run.norm.txt","agent_42.run.norm.txt","True"
"agent_07.run.norm.txt","agent_43.run.norm.txt","True"
"agent_07.run.norm.txt","agent_44.run.norm.txt","True"
"agent_07.run.norm.txt","agent_45.run.norm.txt","True"
"agent_07.run.norm.txt","agent_46.run.norm.txt","True"
"agent_07.run.norm.txt","agent_47.run.norm.txt","True"
"agent_07.run.norm.txt","agent_48.run.norm.txt","True"
"agent_07.run.norm.txt","agent_49.run.norm.txt","True"
"agent_07.run.norm.txt","agent_50.run.norm.txt","True"
"agent_07.run.norm.txt","__main__.rerun.log.norm.txt","False"
"agent_08.run.norm.txt","agent_09.run.norm.txt","True"
"agent_08.run.norm.txt","agent_10.run.norm.txt","True"
"agent_08.run.norm.txt","agent_11.run.norm.txt","True"
"agent_08.run.norm.txt","agent_12.run.norm.txt","True"
"agent_08.run.norm.txt","agent_13.run.norm.txt","True"
"agent_08.run.norm.txt","agent_14.run.norm.txt","True"
"agent_08.run.norm.txt","agent_15.run.norm.txt","True"
"agent_08.run.norm.txt","agent_16.run.norm.txt","True"
"agent_08.run.norm.txt","agent_17.run.norm.txt","True"
"agent_08.run.norm.txt","agent_18.run.norm.txt","True"
"agent_08.run.norm.txt","agent_19.run.norm.txt","True"
"agent_08.run.norm.txt","agent_20.run.norm.txt","True"
"agent_08.run.norm.txt","agent_21.run.norm.txt","True"
"agent_08.run.norm.txt","agent_22.run.norm.txt","True"
"agent_08.run.norm.txt","agent_23.run.norm.txt","True"
"agent_08.run.norm.txt","agent_24.run.norm.txt","True"
"agent_08.run.norm.txt","agent_25.run.norm.txt","True"
"agent_08.run.norm.txt","agent_26.run.norm.txt","True"
"agent_08.run.norm.txt","agent_27.run.norm.txt","True"
"agent_08.run.norm.txt","agent_28.run.norm.txt","True"
"agent_08.run.norm.txt","agent_29.run.norm.txt","True"
"agent_08.run.norm.txt","agent_30.run.norm.txt","True"
"agent_08.run.norm.txt","agent_31.run.norm.txt","True"
"agent_08.run.norm.txt","agent_32.run.norm.txt","True"
"agent_08.run.norm.txt","agent_33.run.norm.txt","True"
"agent_08.run.norm.txt","agent_34.run.norm.txt","True"
"agent_08.run.norm.txt","agent_35.run.norm.txt","True"
"agent_08.run.norm.txt","agent_36.run.norm.txt","True"
"agent_08.run.norm.txt","agent_37.run.norm.txt","True"
"agent_08.run.norm.txt","agent_38.run.norm.txt","True"
"agent_08.run.norm.txt","agent_39.run.norm.txt","True"
"agent_08.run.norm.txt","agent_40.run.norm.txt","True"
"agent_08.run.norm.txt","agent_41.run.norm.txt","True"
"agent_08.run.norm.txt","agent_42.run.norm.txt","True"
"agent_08.run.norm.txt","agent_43.run.norm.txt","True"
"agent_08.run.norm.txt","agent_44.run.norm.txt","True"
"agent_08.run.norm.txt","agent_45.run.norm.txt","True"
"agent_08.run.norm.txt","agent_46.run.norm.txt","True"
"agent_08.run.norm.txt","agent_47.run.norm.txt","True"
"agent_08.run.norm.txt","agent_48.run.norm.txt","True"
"agent_08.run.norm.txt","agent_49.run.norm.txt","True"
"agent_08.run.norm.txt","agent_50.run.norm.txt","True"
"agent_08.run.norm.txt","__main__.rerun.log.norm.txt","False"
"agent_09.run.norm.txt","agent_10.run.norm.txt","True"
"agent_09.run.norm.txt","agent_11.run.norm.txt","True"
"agent_09.run.norm.txt","agent_12.run.norm.txt","True"
"agent_09.run.norm.txt","agent_13.run.norm.txt","True"
"agent_09.run.norm.txt","agent_14.run.norm.txt","True"
"agent_09.run.norm.txt","agent_15.run.norm.txt","True"
"agent_09.run.norm.txt","agent_16.run.norm.txt","True"
"agent_09.run.norm.txt","agent_17.run.norm.txt","True"
"agent_09.run.norm.txt","agent_18.run.norm.txt","True"
"agent_09.run.norm.txt","agent_19.run.norm.txt","True"
"agent_09.run.norm.txt","agent_20.run.norm.txt","True"
"agent_09.run.norm.txt","agent_21.run.norm.txt","True"
"agent_09.run.norm.txt","agent_22.run.norm.txt","True"
"agent_09.run.norm.txt","agent_23.run.norm.txt","True"
"agent_09.run.norm.txt","agent_24.run.norm.txt","True"
"agent_09.run.norm.txt","agent_25.run.norm.txt","True"
"agent_09.run.norm.txt","agent_26.run.norm.txt","True"
"agent_09.run.norm.txt","agent_27.run.norm.txt","True"
"agent_09.run.norm.txt","agent_28.run.norm.txt","True"
"agent_09.run.norm.txt","agent_29.run.norm.txt","True"
"agent_09.run.norm.txt","agent_30.run.norm.txt","True"
"agent_09.run.norm.txt","agent_31.run.norm.txt","True"
"agent_09.run.norm.txt","agent_32.run.norm.txt","True"
"agent_09.run.norm.txt","agent_33.run.norm.txt","True"
"agent_09.run.norm.txt","agent_34.run.norm.txt","True"
"agent_09.run.norm.txt","agent_35.run.norm.txt","True"
"agent_09.run.norm.txt","agent_36.run.norm.txt","True"
"agent_09.run.norm.txt","agent_37.run.norm.txt","True"
"agent_09.run.norm.txt","agent_38.run.norm.txt","True"
"agent_09.run.norm.txt","agent_39.run.norm.txt","True"
"agent_09.run.norm.txt","agent_40.run.norm.txt","True"
"agent_09.run.norm.txt","agent_41.run.norm.txt","True"
"agent_09.run.norm.txt","agent_42.run.norm.txt","True"
"agent_09.run.norm.txt","agent_43.run.norm.txt","True"
"agent_09.run.norm.txt","agent_44.run.norm.txt","True"
"agent_09.run.norm.txt","agent_45.run.norm.txt","True"
"agent_09.run.norm.txt","agent_46.run.norm.txt","True"
"agent_09.run.norm.txt","agent_47.run.norm.txt","True"
"agent_09.run.norm.txt","agent_48.run.norm.txt","True"
"agent_09.run.norm.txt","agent_49.run.norm.txt","True"
"agent_09.run.norm.txt","agent_50.run.norm.txt","True"
"agent_09.run.norm.txt","__main__.rerun.log.norm.txt","False"
"agent_10.run.norm.txt","agent_11.run.norm.txt","True"
"agent_10.run.norm.txt","agent_12.run.norm.txt","True"
"agent_10.run.norm.txt","agent_13.run.norm.txt","True"
"agent_10.run.norm.txt","agent_14.run.norm.txt","True"
"agent_10.run.norm.txt","agent_15.run.norm.txt","True"
"agent_10.run.norm.txt","agent_16.run.norm.txt","True"
"agent_10.run.norm.txt","agent_17.run.norm.txt","True"
"agent_10.run.norm.txt","agent_18.run.norm.txt","True"
"agent_10.run.norm.txt","agent_19.run.norm.txt","True"
"agent_10.run.norm.txt","agent_20.run.norm.txt","True"
"agent_10.run.norm.txt","agent_21.run.norm.txt","True"
"agent_10.run.norm.txt","agent_22.run.norm.txt","True"
"agent_10.run.norm.txt","agent_23.run.norm.txt","True"
"agent_10.run.norm.txt","agent_24.run.norm.txt","True"
"agent_10.run.norm.txt","agent_25.run.norm.txt","True"
"agent_10.run.norm.txt","agent_26.run.norm.txt","True"
"agent_10.run.norm.txt","agent_27.run.norm.txt","True"
"agent_10.run.norm.txt","agent_28.run.norm.txt","True"
"agent_10.run.norm.txt","agent_29.run.norm.txt","True"
"agent_10.run.norm.txt","agent_30.run.norm.txt","True"
"agent_10.run.norm.txt","agent_31.run.norm.txt","True"
"agent_10.run.norm.txt","agent_32.run.norm.txt","True"
"agent_10.run.norm.txt","agent_33.run.norm.txt","True"
"agent_10.run.norm.txt","agent_34.run.norm.txt","True"
"agent_10.run.norm.txt","agent_35.run.norm.txt","True"
"agent_10.run.norm.txt","agent_36.run.norm.txt","True"
"agent_10.run.norm.txt","agent_37.run.norm.txt","True"
"agent_10.run.norm.txt","agent_38.run.norm.txt","True"
"agent_10.run.norm.txt","agent_39.run.norm.txt","True"
"agent_10.run.norm.txt","agent_40.run.norm.txt","True"
"agent_10.run.norm.txt","agent_41.run.norm.txt","True"
"agent_10.run.norm.txt","agent_42.run.norm.txt","True"
"agent_10.run.norm.txt","agent_43.run.norm.txt","True"
"agent_10.run.norm.txt","agent_44.run.norm.txt","True"
"agent_10.run.norm.txt","agent_45.run.norm.txt","True"
"agent_10.run.norm.txt","agent_46.run.norm.txt","True"
"agent_10.run.norm.txt","agent_47.run.norm.txt","True"
"agent_10.run.norm.txt","agent_48.run.norm.txt","True"
"agent_10.run.norm.txt","agent_49.run.norm.txt","True"
"agent_10.run.norm.txt","agent_50.run.norm.txt","True"
"agent_10.run.norm.txt","__main__.rerun.log.norm.txt","False"
"agent_11.run.norm.txt","agent_12.run.norm.txt","True"
"agent_11.run.norm.txt","agent_13.run.norm.txt","True"
"agent_11.run.norm.txt","agent_14.run.norm.txt","True"
"agent_11.run.norm.txt","agent_15.run.norm.txt","True"
"agent_11.run.norm.txt","agent_16.run.norm.txt","True"
"agent_11.run.norm.txt","agent_17.run.norm.txt","True"
"agent_11.run.norm.txt","agent_18.run.norm.txt","True"
"agent_11.run.norm.txt","agent_19.run.norm.txt","True"
"agent_11.run.norm.txt","agent_20.run.norm.txt","True"
"agent_11.run.norm.txt","agent_21.run.norm.txt","True"
"agent_11.run.norm.txt","agent_22.run.norm.txt","True"
"agent_11.run.norm.txt","agent_23.run.norm.txt","True"
"agent_11.run.norm.txt","agent_24.run.norm.txt","True"
"agent_11.run.norm.txt","agent_25.run.norm.txt","True"
"agent_11.run.norm.txt","agent_26.run.norm.txt","True"
"agent_11.run.norm.txt","agent_27.run.norm.txt","True"
"agent_11.run.norm.txt","agent_28.run.norm.txt","True"
"agent_11.run.norm.txt","agent_29.run.norm.txt","True"
"agent_11.run.norm.txt","agent_30.run.norm.txt","True"
"agent_11.run.norm.txt","agent_31.run.norm.txt","True"
"agent_11.run.norm.txt","agent_32.run.norm.txt","True"
"agent_11.run.norm.txt","agent_33.run.norm.txt","True"
"agent_11.run.norm.txt","agent_34.run.norm.txt","True"
"agent_11.run.norm.txt","agent_35.run.norm.txt","True"
"agent_11.run.norm.txt","agent_36.run.norm.txt","True"
"agent_11.run.norm.txt","agent_37.run.norm.txt","True"
"agent_11.run.norm.txt","agent_38.run.norm.txt","True"
"agent_11.run.norm.txt","agent_39.run.norm.txt","True"
"agent_11.run.norm.txt","agent_40.run.norm.txt","True"
"agent_11.run.norm.txt","agent_41.run.norm.txt","True"
"agent_11.run.norm.txt","agent_42.run.norm.txt","True"
"agent_11.run.norm.txt","agent_43.run.norm.txt","True"
"agent_11.run.norm.txt","agent_44.run.norm.txt","True"
"agent_11.run.norm.txt","agent_45.run.norm.txt","True"
"agent_11.run.norm.txt","agent_46.run.norm.txt","True"
"agent_11.run.norm.txt","agent_47.run.norm.txt","True"
"agent_11.run.norm.txt","agent_48.run.norm.txt","True"
"agent_11.run.norm.txt","agent_49.run.norm.txt","True"
"agent_11.run.norm.txt","agent_50.run.norm.txt","True"
"agent_11.run.norm.txt","__main__.rerun.log.norm.txt","False"
"agent_12.run.norm.txt","agent_13.run.norm.txt","True"
"agent_12.run.norm.txt","agent_14.run.norm.txt","True"
"agent_12.run.norm.txt","agent_15.run.norm.txt","True"
"agent_12.run.norm.txt","agent_16.run.norm.txt","True"
"agent_12.run.norm.txt","agent_17.run.norm.txt","True"
"agent_12.run.norm.txt","agent_18.run.norm.txt","True"
"agent_12.run.norm.txt","agent_19.run.norm.txt","True"
"agent_12.run.norm.txt","agent_20.run.norm.txt","True"
"agent_12.run.norm.txt","agent_21.run.norm.txt","True"
"agent_12.run.norm.txt","agent_22.run.norm.txt","True"
"agent_12.run.norm.txt","agent_23.run.norm.txt","True"
"agent_12.run.norm.txt","agent_24.run.norm.txt","True"
"agent_12.run.norm.txt","agent_25.run.norm.txt","True"
"agent_12.run.norm.txt","agent_26.run.norm.txt","True"
"agent_12.run.norm.txt","agent_27.run.norm.txt","True"
"agent_12.run.norm.txt","agent_28.run.norm.txt","True"
"agent_12.run.norm.txt","agent_29.run.norm.txt","True"
"agent_12.run.norm.txt","agent_30.run.norm.txt","True"
"agent_12.run.norm.txt","agent_31.run.norm.txt","True"
"agent_12.run.norm.txt","agent_32.run.norm.txt","True"
"agent_12.run.norm.txt","agent_33.run.norm.txt","True"
"agent_12.run.norm.txt","agent_34.run.norm.txt","True"
"agent_12.run.norm.txt","agent_35.run.norm.txt","True"
"agent_12.run.norm.txt","agent_36.run.norm.txt","True"
"agent_12.run.norm.txt","agent_37.run.norm.txt","True"
"agent_12.run.norm.txt","agent_38.run.norm.txt","True"
"agent_12.run.norm.txt","agent_39.run.norm.txt","True"
"agent_12.run.norm.txt","agent_40.run.norm.txt","True"
"agent_12.run.norm.txt","agent_41.run.norm.txt","True"
"agent_12.run.norm.txt","agent_42.run.norm.txt","True"
"agent_12.run.norm.txt","agent_43.run.norm.txt","True"
"agent_12.run.norm.txt","agent_44.run.norm.txt","True"
"agent_12.run.norm.txt","agent_45.run.norm.txt","True"
"agent_12.run.norm.txt","agent_46.run.norm.txt","True"
"agent_12.run.norm.txt","agent_47.run.norm.txt","True"
"agent_12.run.norm.txt","agent_48.run.norm.txt","True"
"agent_12.run.norm.txt","agent_49.run.norm.txt","True"
"agent_12.run.norm.txt","agent_50.run.norm.txt","True"
"agent_12.run.norm.txt","__main__.rerun.log.norm.txt","False"
"agent_13.run.norm.txt","agent_14.run.norm.txt","True"
"agent_13.run.norm.txt","agent_15.run.norm.txt","True"
"agent_13.run.norm.txt","agent_16.run.norm.txt","True"
"agent_13.run.norm.txt","agent_17.run.norm.txt","True"
"agent_13.run.norm.txt","agent_18.run.norm.txt","True"
"agent_13.run.norm.txt","agent_19.run.norm.txt","True"
"agent_13.run.norm.txt","agent_20.run.norm.txt","True"
"agent_13.run.norm.txt","agent_21.run.norm.txt","True"
"agent_13.run.norm.txt","agent_22.run.norm.txt","True"
"agent_13.run.norm.txt","agent_23.run.norm.txt","True"
"agent_13.run.norm.txt","agent_24.run.norm.txt","True"
"agent_13.run.norm.txt","agent_25.run.norm.txt","True"
"agent_13.run.norm.txt","agent_26.run.norm.txt","True"
"agent_13.run.norm.txt","agent_27.run.norm.txt","True"
"agent_13.run.norm.txt","agent_28.run.norm.txt","True"
"agent_13.run.norm.txt","agent_29.run.norm.txt","True"
"agent_13.run.norm.txt","agent_30.run.norm.txt","True"
"agent_13.run.norm.txt","agent_31.run.norm.txt","True"
"agent_13.run.norm.txt","agent_32.run.norm.txt","True"
"agent_13.run.norm.txt","agent_33.run.norm.txt","True"
"agent_13.run.norm.txt","agent_34.run.norm.txt","True"
"agent_13.run.norm.txt","agent_35.run.norm.txt","True"
"agent_13.run.norm.txt","agent_36.run.norm.txt","True"
"agent_13.run.norm.txt","agent_37.run.norm.txt","True"
"agent_13.run.norm.txt","agent_38.run.norm.txt","True"
"agent_13.run.norm.txt","agent_39.run.norm.txt","True"
"agent_13.run.norm.txt","agent_40.run.norm.txt","True"
"agent_13.run.norm.txt","agent_41.run.norm.txt","True"
"agent_13.run.norm.txt","agent_42.run.norm.txt","True"
"agent_13.run.norm.txt","agent_43.run.norm.txt","True"
"agent_13.run.norm.txt","agent_44.run.norm.txt","True"
"agent_13.run.norm.txt","agent_45.run.norm.txt","True"
"agent_13.run.norm.txt","agent_46.run.norm.txt","True"
"agent_13.run.norm.txt","agent_47.run.norm.txt","True"
"agent_13.run.norm.txt","agent_48.run.norm.txt","True"
"agent_13.run.norm.txt","agent_49.run.norm.txt","True"
"agent_13.run.norm.txt","agent_50.run.norm.txt","True"
"agent_13.run.norm.txt","__main__.rerun.log.norm.txt","False"
"agent_14.run.norm.txt","agent_15.run.norm.txt","True"
"agent_14.run.norm.txt","agent_16.run.norm.txt","True"
"agent_14.run.norm.txt","agent_17.run.norm.txt","True"
"agent_14.run.norm.txt","agent_18.run.norm.txt","True"
"agent_14.run.norm.txt","agent_19.run.norm.txt","True"
"agent_14.run.norm.txt","agent_20.run.norm.txt","True"
"agent_14.run.norm.txt","agent_21.run.norm.txt","True"
"agent_14.run.norm.txt","agent_22.run.norm.txt","True"
"agent_14.run.norm.txt","agent_23.run.norm.txt","True"
"agent_14.run.norm.txt","agent_24.run.norm.txt","True"
"agent_14.run.norm.txt","agent_25.run.norm.txt","True"
"agent_14.run.norm.txt","agent_26.run.norm.txt","True"
"agent_14.run.norm.txt","agent_27.run.norm.txt","True"
"agent_14.run.norm.txt","agent_28.run.norm.txt","True"
"agent_14.run.norm.txt","agent_29.run.norm.txt","True"
"agent_14.run.norm.txt","agent_30.run.norm.txt","True"
"agent_14.run.norm.txt","agent_31.run.norm.txt","True"
"agent_14.run.norm.txt","agent_32.run.norm.txt","True"
"agent_14.run.norm.txt","agent_33.run.norm.txt","True"
"agent_14.run.norm.txt","agent_34.run.norm.txt","True"
"agent_14.run.norm.txt","agent_35.run.norm.txt","True"
"agent_14.run.norm.txt","agent_36.run.norm.txt","True"
"agent_14.run.norm.txt","agent_37.run.norm.txt","True"
"agent_14.run.norm.txt","agent_38.run.norm.txt","True"
"agent_14.run.norm.txt","agent_39.run.norm.txt","True"
"agent_14.run.norm.txt","agent_40.run.norm.txt","True"
"agent_14.run.norm.txt","agent_41.run.norm.txt","True"
"agent_14.run.norm.txt","agent_42.run.norm.txt","True"
"agent_14.run.norm.txt","agent_43.run.norm.txt","True"
"agent_14.run.norm.txt","agent_44.run.norm.txt","True"
"agent_14.run.norm.txt","agent_45.run.norm.txt","True"
"agent_14.run.norm.txt","agent_46.run.norm.txt","True"
"agent_14.run.norm.txt","agent_47.run.norm.txt","True"
"agent_14.run.norm.txt","agent_48.run.norm.txt","True"
"agent_14.run.norm.txt","agent_49.run.norm.txt","True"
"agent_14.run.norm.txt","agent_50.run.norm.txt","True"
"agent_14.run.norm.txt","__main__.rerun.log.norm.txt","False"
"agent_15.run.norm.txt","agent_16.run.norm.txt","True"
"agent_15.run.norm.txt","agent_17.run.norm.txt","True"
"agent_15.run.norm.txt","agent_18.run.norm.txt","True"
"agent_15.run.norm.txt","agent_19.run.norm.txt","True"
"agent_15.run.norm.txt","agent_20.run.norm.txt","True"
"agent_15.run.norm.txt","agent_21.run.norm.txt","True"
"agent_15.run.norm.txt","agent_22.run.norm.txt","True"
"agent_15.run.norm.txt","agent_23.run.norm.txt","True"
"agent_15.run.norm.txt","agent_24.run.norm.txt","True"
"agent_15.run.norm.txt","agent_25.run.norm.txt","True"
"agent_15.run.norm.txt","agent_26.run.norm.txt","True"
"agent_15.run.norm.txt","agent_27.run.norm.txt","True"
"agent_15.run.norm.txt","agent_28.run.norm.txt","True"
"agent_15.run.norm.txt","agent_29.run.norm.txt","True"
"agent_15.run.norm.txt","agent_30.run.norm.txt","True"
"agent_15.run.norm.txt","agent_31.run.norm.txt","True"
"agent_15.run.norm.txt","agent_32.run.norm.txt","True"
"agent_15.run.norm.txt","agent_33.run.norm.txt","True"
"agent_15.run.norm.txt","agent_34.run.norm.txt","True"
"agent_15.run.norm.txt","agent_35.run.norm.txt","True"
"agent_15.run.norm.txt","agent_36.run.norm.txt","True"
"agent_15.run.norm.txt","agent_37.run.norm.txt","True"
"agent_15.run.norm.txt","agent_38.run.norm.txt","True"
"agent_15.run.norm.txt","agent_39.run.norm.txt","True"
"agent_15.run.norm.txt","agent_40.run.norm.txt","True"
"agent_15.run.norm.txt","agent_41.run.norm.txt","True"
"agent_15.run.norm.txt","agent_42.run.norm.txt","True"
"agent_15.run.norm.txt","agent_43.run.norm.txt","True"
"agent_15.run.norm.txt","agent_44.run.norm.txt","True"
"agent_15.run.norm.txt","agent_45.run.norm.txt","True"
"agent_15.run.norm.txt","agent_46.run.norm.txt","True"
"agent_15.run.norm.txt","agent_47.run.norm.txt","True"
"agent_15.run.norm.txt","agent_48.run.norm.txt","True"
"agent_15.run.norm.txt","agent_49.run.norm.txt","True"
"agent_15.run.norm.txt","agent_50.run.norm.txt","True"
"agent_15.run.norm.txt","__main__.rerun.log.norm.txt","False"
"agent_16.run.norm.txt","agent_17.run.norm.txt","True"
"agent_16.run.norm.txt","agent_18.run.norm.txt","True"
"agent_16.run.norm.txt","agent_19.run.norm.txt","True"
"agent_16.run.norm.txt","agent_20.run.norm.txt","True"
"agent_16.run.norm.txt","agent_21.run.norm.txt","True"
"agent_16.run.norm.txt","agent_22.run.norm.txt","True"
"agent_16.run.norm.txt","agent_23.run.norm.txt","True"
"agent_16.run.norm.txt","agent_24.run.norm.txt","True"
"agent_16.run.norm.txt","agent_25.run.norm.txt","True"
"agent_16.run.norm.txt","agent_26.run.norm.txt","True"
"agent_16.run.norm.txt","agent_27.run.norm.txt","True"
"agent_16.run.norm.txt","agent_28.run.norm.txt","True"
"agent_16.run.norm.txt","agent_29.run.norm.txt","True"
"agent_16.run.norm.txt","agent_30.run.norm.txt","True"
"agent_16.run.norm.txt","agent_31.run.norm.txt","True"
"agent_16.run.norm.txt","agent_32.run.norm.txt","True"
"agent_16.run.norm.txt","agent_33.run.norm.txt","True"
"agent_16.run.norm.txt","agent_34.run.norm.txt","True"
"agent_16.run.norm.txt","agent_35.run.norm.txt","True"
"agent_16.run.norm.txt","agent_36.run.norm.txt","True"
"agent_16.run.norm.txt","agent_37.run.norm.txt","True"
"agent_16.run.norm.txt","agent_38.run.norm.txt","True"
"agent_16.run.norm.txt","agent_39.run.norm.txt","True"
"agent_16.run.norm.txt","agent_40.run.norm.txt","True"
"agent_16.run.norm.txt","agent_41.run.norm.txt","True"
"agent_16.run.norm.txt","agent_42.run.norm.txt","True"
"agent_16.run.norm.txt","agent_43.run.norm.txt","True"
"agent_16.run.norm.txt","agent_44.run.norm.txt","True"
"agent_16.run.norm.txt","agent_45.run.norm.txt","True"
"agent_16.run.norm.txt","agent_46.run.norm.txt","True"
"agent_16.run.norm.txt","agent_47.run.norm.txt","True"
"agent_16.run.norm.txt","agent_48.run.norm.txt","True"
"agent_16.run.norm.txt","agent_49.run.norm.txt","True"
"agent_16.run.norm.txt","agent_50.run.norm.txt","True"
"agent_16.run.norm.txt","__main__.rerun.log.norm.txt","False"
"agent_17.run.norm.txt","agent_18.run.norm.txt","True"
"agent_17.run.norm.txt","agent_19.run.norm.txt","True"
"agent_17.run.norm.txt","agent_20.run.norm.txt","True"
"agent_17.run.norm.txt","agent_21.run.norm.txt","True"
"agent_17.run.norm.txt","agent_22.run.norm.txt","True"
"agent_17.run.norm.txt","agent_23.run.norm.txt","True"
"agent_17.run.norm.txt","agent_24.run.norm.txt","True"
"agent_17.run.norm.txt","agent_25.run.norm.txt","True"
"agent_17.run.norm.txt","agent_26.run.norm.txt","True"
"agent_17.run.norm.txt","agent_27.run.norm.txt","True"
"agent_17.run.norm.txt","agent_28.run.norm.txt","True"
"agent_17.run.norm.txt","agent_29.run.norm.txt","True"
"agent_17.run.norm.txt","agent_30.run.norm.txt","True"
"agent_17.run.norm.txt","agent_31.run.norm.txt","True"
"agent_17.run.norm.txt","agent_32.run.norm.txt","True"
"agent_17.run.norm.txt","agent_33.run.norm.txt","True"
"agent_17.run.norm.txt","agent_34.run.norm.txt","True"
"agent_17.run.norm.txt","agent_35.run.norm.txt","True"
"agent_17.run.norm.txt","agent_36.run.norm.txt","True"
"agent_17.run.norm.txt","agent_37.run.norm.txt","True"
"agent_17.run.norm.txt","agent_38.run.norm.txt","True"
"agent_17.run.norm.txt","agent_39.run.norm.txt","True"
"agent_17.run.norm.txt","agent_40.run.norm.txt","True"
"agent_17.run.norm.txt","agent_41.run.norm.txt","True"
"agent_17.run.norm.txt","agent_42.run.norm.txt","True"
"agent_17.run.norm.txt","agent_43.run.norm.txt","True"
"agent_17.run.norm.txt","agent_44.run.norm.txt","True"
"agent_17.run.norm.txt","agent_45.run.norm.txt","True"
"agent_17.run.norm.txt","agent_46.run.norm.txt","True"
"agent_17.run.norm.txt","agent_47.run.norm.txt","True"
"agent_17.run.norm.txt","agent_48.run.norm.txt","True"
"agent_17.run.norm.txt","agent_49.run.norm.txt","True"
"agent_17.run.norm.txt","agent_50.run.norm.txt","True"
"agent_17.run.norm.txt","__main__.rerun.log.norm.txt","False"
"agent_18.run.norm.txt","agent_19.run.norm.txt","True"
"agent_18.run.norm.txt","agent_20.run.norm.txt","True"
"agent_18.run.norm.txt","agent_21.run.norm.txt","True"
"agent_18.run.norm.txt","agent_22.run.norm.txt","True"
"agent_18.run.norm.txt","agent_23.run.norm.txt","True"
"agent_18.run.norm.txt","agent_24.run.norm.txt","True"
"agent_18.run.norm.txt","agent_25.run.norm.txt","True"
"agent_18.run.norm.txt","agent_26.run.norm.txt","True"
"agent_18.run.norm.txt","agent_27.run.norm.txt","True"
"agent_18.run.norm.txt","agent_28.run.norm.txt","True"
"agent_18.run.norm.txt","agent_29.run.norm.txt","True"
"agent_18.run.norm.txt","agent_30.run.norm.txt","True"
"agent_18.run.norm.txt","agent_31.run.norm.txt","True"
"agent_18.run.norm.txt","agent_32.run.norm.txt","True"
"agent_18.run.norm.txt","agent_33.run.norm.txt","True"
"agent_18.run.norm.txt","agent_34.run.norm.txt","True"
"agent_18.run.norm.txt","agent_35.run.norm.txt","True"
"agent_18.run.norm.txt","agent_36.run.norm.txt","True"
"agent_18.run.norm.txt","agent_37.run.norm.txt","True"
"agent_18.run.norm.txt","agent_38.run.norm.txt","True"
"agent_18.run.norm.txt","agent_39.run.norm.txt","True"
"agent_18.run.norm.txt","agent_40.run.norm.txt","True"
"agent_18.run.norm.txt","agent_41.run.norm.txt","True"
"agent_18.run.norm.txt","agent_42.run.norm.txt","True"
"agent_18.run.norm.txt","agent_43.run.norm.txt","True"
"agent_18.run.norm.txt","agent_44.run.norm.txt","True"
"agent_18.run.norm.txt","agent_45.run.norm.txt","True"
"agent_18.run.norm.txt","agent_46.run.norm.txt","True"
"agent_18.run.norm.txt","agent_47.run.norm.txt","True"
"agent_18.run.norm.txt","agent_48.run.norm.txt","True"
"agent_18.run.norm.txt","agent_49.run.norm.txt","True"
"agent_18.run.norm.txt","agent_50.run.norm.txt","True"
"agent_18.run.norm.txt","__main__.rerun.log.norm.txt","False"
"agent_19.run.norm.txt","agent_20.run.norm.txt","True"
"agent_19.run.norm.txt","agent_21.run.norm.txt","True"
"agent_19.run.norm.txt","agent_22.run.norm.txt","True"
"agent_19.run.norm.txt","agent_23.run.norm.txt","True"
"agent_19.run.norm.txt","agent_24.run.norm.txt","True"
"agent_19.run.norm.txt","agent_25.run.norm.txt","True"
"agent_19.run.norm.txt","agent_26.run.norm.txt","True"
"agent_19.run.norm.txt","agent_27.run.norm.txt","True"
"agent_19.run.norm.txt","agent_28.run.norm.txt","True"
"agent_19.run.norm.txt","agent_29.run.norm.txt","True"
"agent_19.run.norm.txt","agent_30.run.norm.txt","True"
"agent_19.run.norm.txt","agent_31.run.norm.txt","True"
"agent_19.run.norm.txt","agent_32.run.norm.txt","True"
"agent_19.run.norm.txt","agent_33.run.norm.txt","True"
"agent_19.run.norm.txt","agent_34.run.norm.txt","True"
"agent_19.run.norm.txt","agent_35.run.norm.txt","True"
"agent_19.run.norm.txt","agent_36.run.norm.txt","True"
"agent_19.run.norm.txt","agent_37.run.norm.txt","True"
"agent_19.run.norm.txt","agent_38.run.norm.txt","True"
"agent_19.run.norm.txt","agent_39.run.norm.txt","True"
"agent_19.run.norm.txt","agent_40.run.norm.txt","True"
"agent_19.run.norm.txt","agent_41.run.norm.txt","True"
"agent_19.run.norm.txt","agent_42.run.norm.txt","True"
"agent_19.run.norm.txt","agent_43.run.norm.txt","True"
"agent_19.run.norm.txt","agent_44.run.norm.txt","True"
"agent_19.run.norm.txt","agent_45.run.norm.txt","True"
"agent_19.run.norm.txt","agent_46.run.norm.txt","True"
"agent_19.run.norm.txt","agent_47.run.norm.txt","True"
"agent_19.run.norm.txt","agent_48.run.norm.txt","True"
"agent_19.run.norm.txt","agent_49.run.norm.txt","True"
"agent_19.run.norm.txt","agent_50.run.norm.txt","True"
"agent_19.run.norm.txt","__main__.rerun.log.norm.txt","False"
"agent_20.run.norm.txt","agent_21.run.norm.txt","True"
"agent_20.run.norm.txt","agent_22.run.norm.txt","True"
"agent_20.run.norm.txt","agent_23.run.norm.txt","True"
"agent_20.run.norm.txt","agent_24.run.norm.txt","True"
"agent_20.run.norm.txt","agent_25.run.norm.txt","True"
"agent_20.run.norm.txt","agent_26.run.norm.txt","True"
"agent_20.run.norm.txt","agent_27.run.norm.txt","True"
"agent_20.run.norm.txt","agent_28.run.norm.txt","True"
"agent_20.run.norm.txt","agent_29.run.norm.txt","True"
"agent_20.run.norm.txt","agent_30.run.norm.txt","True"
"agent_20.run.norm.txt","agent_31.run.norm.txt","True"
"agent_20.run.norm.txt","agent_32.run.norm.txt","True"
"agent_20.run.norm.txt","agent_33.run.norm.txt","True"
"agent_20.run.norm.txt","agent_34.run.norm.txt","True"
"agent_20.run.norm.txt","agent_35.run.norm.txt","True"
"agent_20.run.norm.txt","agent_36.run.norm.txt","True"
"agent_20.run.norm.txt","agent_37.run.norm.txt","True"
"agent_20.run.norm.txt","agent_38.run.norm.txt","True"
"agent_20.run.norm.txt","agent_39.run.norm.txt","True"
"agent_20.run.norm.txt","agent_40.run.norm.txt","True"
"agent_20.run.norm.txt","agent_41.run.norm.txt","True"
"agent_20.run.norm.txt","agent_42.run.norm.txt","True"
"agent_20.run.norm.txt","agent_43.run.norm.txt","True"
"agent_20.run.norm.txt","agent_44.run.norm.txt","True"
"agent_20.run.norm.txt","agent_45.run.norm.txt","True"
"agent_20.run.norm.txt","agent_46.run.norm.txt","True"
"agent_20.run.norm.txt","agent_47.run.norm.txt","True"
"agent_20.run.norm.txt","agent_48.run.norm.txt","True"
"agent_20.run.norm.txt","agent_49.run.norm.txt","True"
"agent_20.run.norm.txt","agent_50.run.norm.txt","True"
"agent_20.run.norm.txt","__main__.rerun.log.norm.txt","False"
"agent_21.run.norm.txt","agent_22.run.norm.txt","True"
"agent_21.run.norm.txt","agent_23.run.norm.txt","True"
"agent_21.run.norm.txt","agent_24.run.norm.txt","True"
"agent_21.run.norm.txt","agent_25.run.norm.txt","True"
"agent_21.run.norm.txt","agent_26.run.norm.txt","True"
"agent_21.run.norm.txt","agent_27.run.norm.txt","True"
"agent_21.run.norm.txt","agent_28.run.norm.txt","True"
"agent_21.run.norm.txt","agent_29.run.norm.txt","True"
"agent_21.run.norm.txt","agent_30.run.norm.txt","True"
"agent_21.run.norm.txt","agent_31.run.norm.txt","True"
"agent_21.run.norm.txt","agent_32.run.norm.txt","True"
"agent_21.run.norm.txt","agent_33.run.norm.txt","True"
"agent_21.run.norm.txt","agent_34.run.norm.txt","True"
"agent_21.run.norm.txt","agent_35.run.norm.txt","True"
"agent_21.run.norm.txt","agent_36.run.norm.txt","True"
"agent_21.run.norm.txt","agent_37.run.norm.txt","True"
"agent_21.run.norm.txt","agent_38.run.norm.txt","True"
"agent_21.run.norm.txt","agent_39.run.norm.txt","True"
"agent_21.run.norm.txt","agent_40.run.norm.txt","True"
"agent_21.run.norm.txt","agent_41.run.norm.txt","True"
"agent_21.run.norm.txt","agent_42.run.norm.txt","True"
"agent_21.run.norm.txt","agent_43.run.norm.txt","True"
"agent_21.run.norm.txt","agent_44.run.norm.txt","True"
"agent_21.run.norm.txt","agent_45.run.norm.txt","True"
"agent_21.run.norm.txt","agent_46.run.norm.txt","True"
"agent_21.run.norm.txt","agent_47.run.norm.txt","True"
"agent_21.run.norm.txt","agent_48.run.norm.txt","True"
"agent_21.run.norm.txt","agent_49.run.norm.txt","True"
"agent_21.run.norm.txt","agent_50.run.norm.txt","True"
"agent_21.run.norm.txt","__main__.rerun.log.norm.txt","False"
"agent_22.run.norm.txt","agent_23.run.norm.txt","True"
"agent_22.run.norm.txt","agent_24.run.norm.txt","True"
"agent_22.run.norm.txt","agent_25.run.norm.txt","True"
"agent_22.run.norm.txt","agent_26.run.norm.txt","True"
"agent_22.run.norm.txt","agent_27.run.norm.txt","True"
"agent_22.run.norm.txt","agent_28.run.norm.txt","True"
"agent_22.run.norm.txt","agent_29.run.norm.txt","True"
"agent_22.run.norm.txt","agent_30.run.norm.txt","True"
"agent_22.run.norm.txt","agent_31.run.norm.txt","True"
"agent_22.run.norm.txt","agent_32.run.norm.txt","True"
"agent_22.run.norm.txt","agent_33.run.norm.txt","True"
"agent_22.run.norm.txt","agent_34.run.norm.txt","True"
"agent_22.run.norm.txt","agent_35.run.norm.txt","True"
"agent_22.run.norm.txt","agent_36.run.norm.txt","True"
"agent_22.run.norm.txt","agent_37.run.norm.txt","True"
"agent_22.run.norm.txt","agent_38.run.norm.txt","True"
"agent_22.run.norm.txt","agent_39.run.norm.txt","True"
"agent_22.run.norm.txt","agent_40.run.norm.txt","True"
"agent_22.run.norm.txt","agent_41.run.norm.txt","True"
"agent_22.run.norm.txt","agent_42.run.norm.txt","True"
"agent_22.run.norm.txt","agent_43.run.norm.txt","True"
"agent_22.run.norm.txt","agent_44.run.norm.txt","True"
"agent_22.run.norm.txt","agent_45.run.norm.txt","True"
"agent_22.run.norm.txt","agent_46.run.norm.txt","True"
"agent_22.run.norm.txt","agent_47.run.norm.txt","True"
"agent_22.run.norm.txt","agent_48.run.norm.txt","True"
"agent_22.run.norm.txt","agent_49.run.norm.txt","True"
"agent_22.run.norm.txt","agent_50.run.norm.txt","True"
"agent_22.run.norm.txt","__main__.rerun.log.norm.txt","False"
"agent_23.run.norm.txt","agent_24.run.norm.txt","True"
"agent_23.run.norm.txt","agent_25.run.norm.txt","True"
"agent_23.run.norm.txt","agent_26.run.norm.txt","True"
"agent_23.run.norm.txt","agent_27.run.norm.txt","True"
"agent_23.run.norm.txt","agent_28.run.norm.txt","True"
"agent_23.run.norm.txt","agent_29.run.norm.txt","True"
"agent_23.run.norm.txt","agent_30.run.norm.txt","True"
"agent_23.run.norm.txt","agent_31.run.norm.txt","True"
"agent_23.run.norm.txt","agent_32.run.norm.txt","True"
"agent_23.run.norm.txt","agent_33.run.norm.txt","True"
"agent_23.run.norm.txt","agent_34.run.norm.txt","True"
"agent_23.run.norm.txt","agent_35.run.norm.txt","True"
"agent_23.run.norm.txt","agent_36.run.norm.txt","True"
"agent_23.run.norm.txt","agent_37.run.norm.txt","True"
"agent_23.run.norm.txt","agent_38.run.norm.txt","True"
"agent_23.run.norm.txt","agent_39.run.norm.txt","True"
"agent_23.run.norm.txt","agent_40.run.norm.txt","True"
"agent_23.run.norm.txt","agent_41.run.norm.txt","True"
"agent_23.run.norm.txt","agent_42.run.norm.txt","True"
"agent_23.run.norm.txt","agent_43.run.norm.txt","True"
"agent_23.run.norm.txt","agent_44.run.norm.txt","True"
"agent_23.run.norm.txt","agent_45.run.norm.txt","True"
"agent_23.run.norm.txt","agent_46.run.norm.txt","True"
"agent_23.run.norm.txt","agent_47.run.norm.txt","True"
"agent_23.run.norm.txt","agent_48.run.norm.txt","True"
"agent_23.run.norm.txt","agent_49.run.norm.txt","True"
"agent_23.run.norm.txt","agent_50.run.norm.txt","True"
"agent_23.run.norm.txt","__main__.rerun.log.norm.txt","False"
"agent_24.run.norm.txt","agent_25.run.norm.txt","True"
"agent_24.run.norm.txt","agent_26.run.norm.txt","True"
"agent_24.run.norm.txt","agent_27.run.norm.txt","True"
"agent_24.run.norm.txt","agent_28.run.norm.txt","True"
"agent_24.run.norm.txt","agent_29.run.norm.txt","True"
"agent_24.run.norm.txt","agent_30.run.norm.txt","True"
"agent_24.run.norm.txt","agent_31.run.norm.txt","True"
"agent_24.run.norm.txt","agent_32.run.norm.txt","True"
"agent_24.run.norm.txt","agent_33.run.norm.txt","True"
"agent_24.run.norm.txt","agent_34.run.norm.txt","True"
"agent_24.run.norm.txt","agent_35.run.norm.txt","True"
"agent_24.run.norm.txt","agent_36.run.norm.txt","True"
"agent_24.run.norm.txt","agent_37.run.norm.txt","True"
"agent_24.run.norm.txt","agent_38.run.norm.txt","True"
"agent_24.run.norm.txt","agent_39.run.norm.txt","True"
"agent_24.run.norm.txt","agent_40.run.norm.txt","True"
"agent_24.run.norm.txt","agent_41.run.norm.txt","True"
"agent_24.run.norm.txt","agent_42.run.norm.txt","True"
"agent_24.run.norm.txt","agent_43.run.norm.txt","True"
"agent_24.run.norm.txt","agent_44.run.norm.txt","True"
"agent_24.run.norm.txt","agent_45.run.norm.txt","True"
"agent_24.run.norm.txt","agent_46.run.norm.txt","True"
"agent_24.run.norm.txt","agent_47.run.norm.txt","True"
"agent_24.run.norm.txt","agent_48.run.norm.txt","True"
"agent_24.run.norm.txt","agent_49.run.norm.txt","True"
"agent_24.run.norm.txt","agent_50.run.norm.txt","True"
"agent_24.run.norm.txt","__main__.rerun.log.norm.txt","False"
"agent_25.run.norm.txt","agent_26.run.norm.txt","True"
"agent_25.run.norm.txt","agent_27.run.norm.txt","True"
"agent_25.run.norm.txt","agent_28.run.norm.txt","True"
"agent_25.run.norm.txt","agent_29.run.norm.txt","True"
"agent_25.run.norm.txt","agent_30.run.norm.txt","True"
"agent_25.run.norm.txt","agent_31.run.norm.txt","True"
"agent_25.run.norm.txt","agent_32.run.norm.txt","True"
"agent_25.run.norm.txt","agent_33.run.norm.txt","True"
"agent_25.run.norm.txt","agent_34.run.norm.txt","True"
"agent_25.run.norm.txt","agent_35.run.norm.txt","True"
"agent_25.run.norm.txt","agent_36.run.norm.txt","True"
"agent_25.run.norm.txt","agent_37.run.norm.txt","True"
"agent_25.run.norm.txt","agent_38.run.norm.txt","True"
"agent_25.run.norm.txt","agent_39.run.norm.txt","True"
"agent_25.run.norm.txt","agent_40.run.norm.txt","True"
"agent_25.run.norm.txt","agent_41.run.norm.txt","True"
"agent_25.run.norm.txt","agent_42.run.norm.txt","True"
"agent_25.run.norm.txt","agent_43.run.norm.txt","True"
"agent_25.run.norm.txt","agent_44.run.norm.txt","True"
"agent_25.run.norm.txt","agent_45.run.norm.txt","True"
"agent_25.run.norm.txt","agent_46.run.norm.txt","True"
"agent_25.run.norm.txt","agent_47.run.norm.txt","True"
"agent_25.run.norm.txt","agent_48.run.norm.txt","True"
"agent_25.run.norm.txt","agent_49.run.norm.txt","True"
"agent_25.run.norm.txt","agent_50.run.norm.txt","True"
"agent_25.run.norm.txt","__main__.rerun.log.norm.txt","False"
"agent_26.run.norm.txt","agent_27.run.norm.txt","True"
"agent_26.run.norm.txt","agent_28.run.norm.txt","True"
"agent_26.run.norm.txt","agent_29.run.norm.txt","True"
"agent_26.run.norm.txt","agent_30.run.norm.txt","True"
"agent_26.run.norm.txt","agent_31.run.norm.txt","True"
"agent_26.run.norm.txt","agent_32.run.norm.txt","True"
"agent_26.run.norm.txt","agent_33.run.norm.txt","True"
"agent_26.run.norm.txt","agent_34.run.norm.txt","True"
"agent_26.run.norm.txt","agent_35.run.norm.txt","True"
"agent_26.run.norm.txt","agent_36.run.norm.txt","True"
"agent_26.run.norm.txt","agent_37.run.norm.txt","True"
"agent_26.run.norm.txt","agent_38.run.norm.txt","True"
"agent_26.run.norm.txt","agent_39.run.norm.txt","True"
"agent_26.run.norm.txt","agent_40.run.norm.txt","True"
"agent_26.run.norm.txt","agent_41.run.norm.txt","True"
"agent_26.run.norm.txt","agent_42.run.norm.txt","True"
"agent_26.run.norm.txt","agent_43.run.norm.txt","True"
"agent_26.run.norm.txt","agent_44.run.norm.txt","True"
"agent_26.run.norm.txt","agent_45.run.norm.txt","True"
"agent_26.run.norm.txt","agent_46.run.norm.txt","True"
"agent_26.run.norm.txt","agent_47.run.norm.txt","True"
"agent_26.run.norm.txt","agent_48.run.norm.txt","True"
"agent_26.run.norm.txt","agent_49.run.norm.txt","True"
"agent_26.run.norm.txt","agent_50.run.norm.txt","True"
"agent_26.run.norm.txt","__main__.rerun.log.norm.txt","False"
"agent_27.run.norm.txt","agent_28.run.norm.txt","True"
"agent_27.run.norm.txt","agent_29.run.norm.txt","True"
"agent_27.run.norm.txt","agent_30.run.norm.txt","True"
"agent_27.run.norm.txt","agent_31.run.norm.txt","True"
"agent_27.run.norm.txt","agent_32.run.norm.txt","True"
"agent_27.run.norm.txt","agent_33.run.norm.txt","True"
"agent_27.run.norm.txt","agent_34.run.norm.txt","True"
"agent_27.run.norm.txt","agent_35.run.norm.txt","True"
"agent_27.run.norm.txt","agent_36.run.norm.txt","True"
"agent_27.run.norm.txt","agent_37.run.norm.txt","True"
"agent_27.run.norm.txt","agent_38.run.norm.txt","True"
"agent_27.run.norm.txt","agent_39.run.norm.txt","True"
"agent_27.run.norm.txt","agent_40.run.norm.txt","True"
"agent_27.run.norm.txt","agent_41.run.norm.txt","True"
"agent_27.run.norm.txt","agent_42.run.norm.txt","True"
"agent_27.run.norm.txt","agent_43.run.norm.txt","True"
"agent_27.run.norm.txt","agent_44.run.norm.txt","True"
"agent_27.run.norm.txt","agent_45.run.norm.txt","True"
"agent_27.run.norm.txt","agent_46.run.norm.txt","True"
"agent_27.run.norm.txt","agent_47.run.norm.txt","True"
"agent_27.run.norm.txt","agent_48.run.norm.txt","True"
"agent_27.run.norm.txt","agent_49.run.norm.txt","True"
"agent_27.run.norm.txt","agent_50.run.norm.txt","True"
"agent_27.run.norm.txt","__main__.rerun.log.norm.txt","False"
"agent_28.run.norm.txt","agent_29.run.norm.txt","True"
"agent_28.run.norm.txt","agent_30.run.norm.txt","True"
"agent_28.run.norm.txt","agent_31.run.norm.txt","True"
"agent_28.run.norm.txt","agent_32.run.norm.txt","True"
"agent_28.run.norm.txt","agent_33.run.norm.txt","True"
"agent_28.run.norm.txt","agent_34.run.norm.txt","True"
"agent_28.run.norm.txt","agent_35.run.norm.txt","True"
"agent_28.run.norm.txt","agent_36.run.norm.txt","True"
"agent_28.run.norm.txt","agent_37.run.norm.txt","True"
"agent_28.run.norm.txt","agent_38.run.norm.txt","True"
"agent_28.run.norm.txt","agent_39.run.norm.txt","True"
"agent_28.run.norm.txt","agent_40.run.norm.txt","True"
"agent_28.run.norm.txt","agent_41.run.norm.txt","True"
"agent_28.run.norm.txt","agent_42.run.norm.txt","True"
"agent_28.run.norm.txt","agent_43.run.norm.txt","True"
"agent_28.run.norm.txt","agent_44.run.norm.txt","True"
"agent_28.run.norm.txt","agent_45.run.norm.txt","True"
"agent_28.run.norm.txt","agent_46.run.norm.txt","True"
"agent_28.run.norm.txt","agent_47.run.norm.txt","True"
"agent_28.run.norm.txt","agent_48.run.norm.txt","True"
"agent_28.run.norm.txt","agent_49.run.norm.txt","True"
"agent_28.run.norm.txt","agent_50.run.norm.txt","True"
"agent_28.run.norm.txt","__main__.rerun.log.norm.txt","False"
"agent_29.run.norm.txt","agent_30.run.norm.txt","True"
"agent_29.run.norm.txt","agent_31.run.norm.txt","True"
"agent_29.run.norm.txt","agent_32.run.norm.txt","True"
"agent_29.run.norm.txt","agent_33.run.norm.txt","True"
"agent_29.run.norm.txt","agent_34.run.norm.txt","True"
"agent_29.run.norm.txt","agent_35.run.norm.txt","True"
"agent_29.run.norm.txt","agent_36.run.norm.txt","True"
"agent_29.run.norm.txt","agent_37.run.norm.txt","True"
"agent_29.run.norm.txt","agent_38.run.norm.txt","True"
"agent_29.run.norm.txt","agent_39.run.norm.txt","True"
"agent_29.run.norm.txt","agent_40.run.norm.txt","True"
"agent_29.run.norm.txt","agent_41.run.norm.txt","True"
"agent_29.run.norm.txt","agent_42.run.norm.txt","True"
"agent_29.run.norm.txt","agent_43.run.norm.txt","True"
"agent_29.run.norm.txt","agent_44.run.norm.txt","True"
"agent_29.run.norm.txt","agent_45.run.norm.txt","True"
"agent_29.run.norm.txt","agent_46.run.norm.txt","True"
"agent_29.run.norm.txt","agent_47.run.norm.txt","True"
"agent_29.run.norm.txt","agent_48.run.norm.txt","True"
"agent_29.run.norm.txt","agent_49.run.norm.txt","True"
"agent_29.run.norm.txt","agent_50.run.norm.txt","True"
"agent_29.run.norm.txt","__main__.rerun.log.norm.txt","False"
"agent_30.run.norm.txt","agent_31.run.norm.txt","True"
"agent_30.run.norm.txt","agent_32.run.norm.txt","True"
"agent_30.run.norm.txt","agent_33.run.norm.txt","True"
"agent_30.run.norm.txt","agent_34.run.norm.txt","True"
"agent_30.run.norm.txt","agent_35.run.norm.txt","True"
"agent_30.run.norm.txt","agent_36.run.norm.txt","True"
"agent_30.run.norm.txt","agent_37.run.norm.txt","True"
"agent_30.run.norm.txt","agent_38.run.norm.txt","True"
"agent_30.run.norm.txt","agent_39.run.norm.txt","True"
"agent_30.run.norm.txt","agent_40.run.norm.txt","True"
"agent_30.run.norm.txt","agent_41.run.norm.txt","True"
"agent_30.run.norm.txt","agent_42.run.norm.txt","True"
"agent_30.run.norm.txt","agent_43.run.norm.txt","True"
"agent_30.run.norm.txt","agent_44.run.norm.txt","True"
"agent_30.run.norm.txt","agent_45.run.norm.txt","True"
"agent_30.run.norm.txt","agent_46.run.norm.txt","True"
"agent_30.run.norm.txt","agent_47.run.norm.txt","True"
"agent_30.run.norm.txt","agent_48.run.norm.txt","True"
"agent_30.run.norm.txt","agent_49.run.norm.txt","True"
"agent_30.run.norm.txt","agent_50.run.norm.txt","True"
"agent_30.run.norm.txt","__main__.rerun.log.norm.txt","False"
"agent_31.run.norm.txt","agent_32.run.norm.txt","True"
"agent_31.run.norm.txt","agent_33.run.norm.txt","True"
"agent_31.run.norm.txt","agent_34.run.norm.txt","True"
"agent_31.run.norm.txt","agent_35.run.norm.txt","True"
"agent_31.run.norm.txt","agent_36.run.norm.txt","True"
"agent_31.run.norm.txt","agent_37.run.norm.txt","True"
"agent_31.run.norm.txt","agent_38.run.norm.txt","True"
"agent_31.run.norm.txt","agent_39.run.norm.txt","True"
"agent_31.run.norm.txt","agent_40.run.norm.txt","True"
"agent_31.run.norm.txt","agent_41.run.norm.txt","True"
"agent_31.run.norm.txt","agent_42.run.norm.txt","True"
"agent_31.run.norm.txt","agent_43.run.norm.txt","True"
"agent_31.run.norm.txt","agent_44.run.norm.txt","True"
"agent_31.run.norm.txt","agent_45.run.norm.txt","True"
"agent_31.run.norm.txt","agent_46.run.norm.txt","True"
"agent_31.run.norm.txt","agent_47.run.norm.txt","True"
"agent_31.run.norm.txt","agent_48.run.norm.txt","True"
"agent_31.run.norm.txt","agent_49.run.norm.txt","True"
"agent_31.run.norm.txt","agent_50.run.norm.txt","True"
"agent_31.run.norm.txt","__main__.rerun.log.norm.txt","False"
"agent_32.run.norm.txt","agent_33.run.norm.txt","True"
"agent_32.run.norm.txt","agent_34.run.norm.txt","True"
"agent_32.run.norm.txt","agent_35.run.norm.txt","True"
"agent_32.run.norm.txt","agent_36.run.norm.txt","True"
"agent_32.run.norm.txt","agent_37.run.norm.txt","True"
"agent_32.run.norm.txt","agent_38.run.norm.txt","True"
"agent_32.run.norm.txt","agent_39.run.norm.txt","True"
"agent_32.run.norm.txt","agent_40.run.norm.txt","True"
"agent_32.run.norm.txt","agent_41.run.norm.txt","True"
"agent_32.run.norm.txt","agent_42.run.norm.txt","True"
"agent_32.run.norm.txt","agent_43.run.norm.txt","True"
"agent_32.run.norm.txt","agent_44.run.norm.txt","True"
"agent_32.run.norm.txt","agent_45.run.norm.txt","True"
"agent_32.run.norm.txt","agent_46.run.norm.txt","True"
"agent_32.run.norm.txt","agent_47.run.norm.txt","True"
"agent_32.run.norm.txt","agent_48.run.norm.txt","True"
"agent_32.run.norm.txt","agent_49.run.norm.txt","True"
"agent_32.run.norm.txt","agent_50.run.norm.txt","True"
"agent_32.run.norm.txt","__main__.rerun.log.norm.txt","False"
"agent_33.run.norm.txt","agent_34.run.norm.txt","True"
"agent_33.run.norm.txt","agent_35.run.norm.txt","True"
"agent_33.run.norm.txt","agent_36.run.norm.txt","True"
"agent_33.run.norm.txt","agent_37.run.norm.txt","True"
"agent_33.run.norm.txt","agent_38.run.norm.txt","True"
"agent_33.run.norm.txt","agent_39.run.norm.txt","True"
"agent_33.run.norm.txt","agent_40.run.norm.txt","True"
"agent_33.run.norm.txt","agent_41.run.norm.txt","True"
"agent_33.run.norm.txt","agent_42.run.norm.txt","True"
"agent_33.run.norm.txt","agent_43.run.norm.txt","True"
"agent_33.run.norm.txt","agent_44.run.norm.txt","True"
"agent_33.run.norm.txt","agent_45.run.norm.txt","True"
"agent_33.run.norm.txt","agent_46.run.norm.txt","True"
"agent_33.run.norm.txt","agent_47.run.norm.txt","True"
"agent_33.run.norm.txt","agent_48.run.norm.txt","True"
"agent_33.run.norm.txt","agent_49.run.norm.txt","True"
"agent_33.run.norm.txt","agent_50.run.norm.txt","True"
"agent_33.run.norm.txt","__main__.rerun.log.norm.txt","False"
"agent_34.run.norm.txt","agent_35.run.norm.txt","True"
"agent_34.run.norm.txt","agent_36.run.norm.txt","True"
"agent_34.run.norm.txt","agent_37.run.norm.txt","True"
"agent_34.run.norm.txt","agent_38.run.norm.txt","True"
"agent_34.run.norm.txt","agent_39.run.norm.txt","True"
"agent_34.run.norm.txt","agent_40.run.norm.txt","True"
"agent_34.run.norm.txt","agent_41.run.norm.txt","True"
"agent_34.run.norm.txt","agent_42.run.norm.txt","True"
"agent_34.run.norm.txt","agent_43.run.norm.txt","True"
"agent_34.run.norm.txt","agent_44.run.norm.txt","True"
"agent_34.run.norm.txt","agent_45.run.norm.txt","True"
"agent_34.run.norm.txt","agent_46.run.norm.txt","True"
"agent_34.run.norm.txt","agent_47.run.norm.txt","True"
"agent_34.run.norm.txt","agent_48.run.norm.txt","True"
"agent_34.run.norm.txt","agent_49.run.norm.txt","True"
"agent_34.run.norm.txt","agent_50.run.norm.txt","True"
"agent_34.run.norm.txt","__main__.rerun.log.norm.txt","False"
"agent_35.run.norm.txt","agent_36.run.norm.txt","True"
"agent_35.run.norm.txt","agent_37.run.norm.txt","True"
"agent_35.run.norm.txt","agent_38.run.norm.txt","True"
"agent_35.run.norm.txt","agent_39.run.norm.txt","True"
"agent_35.run.norm.txt","agent_40.run.norm.txt","True"
"agent_35.run.norm.txt","agent_41.run.norm.txt","True"
"agent_35.run.norm.txt","agent_42.run.norm.txt","True"
"agent_35.run.norm.txt","agent_43.run.norm.txt","True"
"agent_35.run.norm.txt","agent_44.run.norm.txt","True"
"agent_35.run.norm.txt","agent_45.run.norm.txt","True"
"agent_35.run.norm.txt","agent_46.run.norm.txt","True"
"agent_35.run.norm.txt","agent_47.run.norm.txt","True"
"agent_35.run.norm.txt","agent_48.run.norm.txt","True"
"agent_35.run.norm.txt","agent_49.run.norm.txt","True"
"agent_35.run.norm.txt","agent_50.run.norm.txt","True"
"agent_35.run.norm.txt","__main__.rerun.log.norm.txt","False"
"agent_36.run.norm.txt","agent_37.run.norm.txt","True"
"agent_36.run.norm.txt","agent_38.run.norm.txt","True"
"agent_36.run.norm.txt","agent_39.run.norm.txt","True"
"agent_36.run.norm.txt","agent_40.run.norm.txt","True"
"agent_36.run.norm.txt","agent_41.run.norm.txt","True"
"agent_36.run.norm.txt","agent_42.run.norm.txt","True"
"agent_36.run.norm.txt","agent_43.run.norm.txt","True"
"agent_36.run.norm.txt","agent_44.run.norm.txt","True"
"agent_36.run.norm.txt","agent_45.run.norm.txt","True"
"agent_36.run.norm.txt","agent_46.run.norm.txt","True"
"agent_36.run.norm.txt","agent_47.run.norm.txt","True"
"agent_36.run.norm.txt","agent_48.run.norm.txt","True"
"agent_36.run.norm.txt","agent_49.run.norm.txt","True"
"agent_36.run.norm.txt","agent_50.run.norm.txt","True"
"agent_36.run.norm.txt","__main__.rerun.log.norm.txt","False"
"agent_37.run.norm.txt","agent_38.run.norm.txt","True"
"agent_37.run.norm.txt","agent_39.run.norm.txt","True"
"agent_37.run.norm.txt","agent_40.run.norm.txt","True"
"agent_37.run.norm.txt","agent_41.run.norm.txt","True"
"agent_37.run.norm.txt","agent_42.run.norm.txt","True"
"agent_37.run.norm.txt","agent_43.run.norm.txt","True"
"agent_37.run.norm.txt","agent_44.run.norm.txt","True"
"agent_37.run.norm.txt","agent_45.run.norm.txt","True"
"agent_37.run.norm.txt","agent_46.run.norm.txt","True"
"agent_37.run.norm.txt","agent_47.run.norm.txt","True"
"agent_37.run.norm.txt","agent_48.run.norm.txt","True"
"agent_37.run.norm.txt","agent_49.run.norm.txt","True"
"agent_37.run.norm.txt","agent_50.run.norm.txt","True"
"agent_37.run.norm.txt","__main__.rerun.log.norm.txt","False"
"agent_38.run.norm.txt","agent_39.run.norm.txt","True"
"agent_38.run.norm.txt","agent_40.run.norm.txt","True"
"agent_38.run.norm.txt","agent_41.run.norm.txt","True"
"agent_38.run.norm.txt","agent_42.run.norm.txt","True"
"agent_38.run.norm.txt","agent_43.run.norm.txt","True"
"agent_38.run.norm.txt","agent_44.run.norm.txt","True"
"agent_38.run.norm.txt","agent_45.run.norm.txt","True"
"agent_38.run.norm.txt","agent_46.run.norm.txt","True"
"agent_38.run.norm.txt","agent_47.run.norm.txt","True"
"agent_38.run.norm.txt","agent_48.run.norm.txt","True"
"agent_38.run.norm.txt","agent_49.run.norm.txt","True"
"agent_38.run.norm.txt","agent_50.run.norm.txt","True"
"agent_38.run.norm.txt","__main__.rerun.log.norm.txt","False"
"agent_39.run.norm.txt","agent_40.run.norm.txt","True"
"agent_39.run.norm.txt","agent_41.run.norm.txt","True"
"agent_39.run.norm.txt","agent_42.run.norm.txt","True"
"agent_39.run.norm.txt","agent_43.run.norm.txt","True"
"agent_39.run.norm.txt","agent_44.run.norm.txt","True"
"agent_39.run.norm.txt","agent_45.run.norm.txt","True"
"agent_39.run.norm.txt","agent_46.run.norm.txt","True"
"agent_39.run.norm.txt","agent_47.run.norm.txt","True"
"agent_39.run.norm.txt","agent_48.run.norm.txt","True"
"agent_39.run.norm.txt","agent_49.run.norm.txt","True"
"agent_39.run.norm.txt","agent_50.run.norm.txt","True"
"agent_39.run.norm.txt","__main__.rerun.log.norm.txt","False"
"agent_40.run.norm.txt","agent_41.run.norm.txt","True"
"agent_40.run.norm.txt","agent_42.run.norm.txt","True"
"agent_40.run.norm.txt","agent_43.run.norm.txt","True"
"agent_40.run.norm.txt","agent_44.run.norm.txt","True"
"agent_40.run.norm.txt","agent_45.run.norm.txt","True"
"agent_40.run.norm.txt","agent_46.run.norm.txt","True"
"agent_40.run.norm.txt","agent_47.run.norm.txt","True"
"agent_40.run.norm.txt","agent_48.run.norm.txt","True"
"agent_40.run.norm.txt","agent_49.run.norm.txt","True"
"agent_40.run.norm.txt","agent_50.run.norm.txt","True"
"agent_40.run.norm.txt","__main__.rerun.log.norm.txt","False"
"agent_41.run.norm.txt","agent_42.run.norm.txt","True"
"agent_41.run.norm.txt","agent_43.run.norm.txt","True"
"agent_41.run.norm.txt","agent_44.run.norm.txt","True"
"agent_41.run.norm.txt","agent_45.run.norm.txt","True"
"agent_41.run.norm.txt","agent_46.run.norm.txt","True"
"agent_41.run.norm.txt","agent_47.run.norm.txt","True"
"agent_41.run.norm.txt","agent_48.run.norm.txt","True"
"agent_41.run.norm.txt","agent_49.run.norm.txt","True"
"agent_41.run.norm.txt","agent_50.run.norm.txt","True"
"agent_41.run.norm.txt","__main__.rerun.log.norm.txt","False"
"agent_42.run.norm.txt","agent_43.run.norm.txt","True"
"agent_42.run.norm.txt","agent_44.run.norm.txt","True"
"agent_42.run.norm.txt","agent_45.run.norm.txt","True"
"agent_42.run.norm.txt","agent_46.run.norm.txt","True"
"agent_42.run.norm.txt","agent_47.run.norm.txt","True"
"agent_42.run.norm.txt","agent_48.run.norm.txt","True"
"agent_42.run.norm.txt","agent_49.run.norm.txt","True"
"agent_42.run.norm.txt","agent_50.run.norm.txt","True"
"agent_42.run.norm.txt","__main__.rerun.log.norm.txt","False"
"agent_43.run.norm.txt","agent_44.run.norm.txt","True"
"agent_43.run.norm.txt","agent_45.run.norm.txt","True"
"agent_43.run.norm.txt","agent_46.run.norm.txt","True"
"agent_43.run.norm.txt","agent_47.run.norm.txt","True"
"agent_43.run.norm.txt","agent_48.run.norm.txt","True"
"agent_43.run.norm.txt","agent_49.run.norm.txt","True"
"agent_43.run.norm.txt","agent_50.run.norm.txt","True"
"agent_43.run.norm.txt","__main__.rerun.log.norm.txt","False"
"agent_44.run.norm.txt","agent_45.run.norm.txt","True"
"agent_44.run.norm.txt","agent_46.run.norm.txt","True"
"agent_44.run.norm.txt","agent_47.run.norm.txt","True"
"agent_44.run.norm.txt","agent_48.run.norm.txt","True"
"agent_44.run.norm.txt","agent_49.run.norm.txt","True"
"agent_44.run.norm.txt","agent_50.run.norm.txt","True"
"agent_44.run.norm.txt","__main__.rerun.log.norm.txt","False"
"agent_45.run.norm.txt","agent_46.run.norm.txt","True"
"agent_45.run.norm.txt","agent_47.run.norm.txt","True"
"agent_45.run.norm.txt","agent_48.run.norm.txt","True"
"agent_45.run.norm.txt","agent_49.run.norm.txt","True"
"agent_45.run.norm.txt","agent_50.run.norm.txt","True"
"agent_45.run.norm.txt","__main__.rerun.log.norm.txt","False"
"agent_46.run.norm.txt","agent_47.run.norm.txt","True"
"agent_46.run.norm.txt","agent_48.run.norm.txt","True"
"agent_46.run.norm.txt","agent_49.run.norm.txt","True"
"agent_46.run.norm.txt","agent_50.run.norm.txt","True"
"agent_46.run.norm.txt","__main__.rerun.log.norm.txt","False"
"agent_47.run.norm.txt","agent_48.run.norm.txt","True"
"agent_47.run.norm.txt","agent_49.run.norm.txt","True"
"agent_47.run.norm.txt","agent_50.run.norm.txt","True"
"agent_47.run.norm.txt","__main__.rerun.log.norm.txt","False"
"agent_48.run.norm.txt","agent_49.run.norm.txt","True"
"agent_48.run.norm.txt","agent_50.run.norm.txt","True"
"agent_48.run.norm.txt","__main__.rerun.log.norm.txt","False"
"agent_49.run.norm.txt","agent_50.run.norm.txt","True"
"agent_49.run.norm.txt","__main__.rerun.log.norm.txt","False"
"agent_50.run.norm.txt","__main__.rerun.log.norm.txt","False"
